name,description,url,Published Date,Author
"AgentGPT: Simplified AI Agent Creation","User-friendly platform for building AI agents with customizable features, designed for ease of use.","https://supertools.therundown.ai/content/agentgpt","2024-03-04T00:00:00.000Z",""
"Agent Database of 400+ Agents","Access a database featuring 400+ agents, integrating insights from AgentOps.ai and Agency AI for enhanced agent information.","https://adamsilverman.gumroad.com/l/agent","2024-12-16T00:00:00.000Z",""
"AI Agent Platform","Automates tasks with AI-driven capabilities, improving productivity and efficiency for users.","https://aiagent.app","",""
"Cognosys AI Agent","User-friendly AI agent with seamless integration for enhanced automation and efficiency in diverse applications.","https://aiagentstore.ai/ai-agent/cognosys","2024-11-16T00:00:00.000Z",""
"Agent Herbie - AI Agent","Versatile AI agent designed for automation and decision-making applications.","https://aiagentstore.ai/ai-agent/agent-herbie","2025-01-22T00:00:00.000Z",""
"Wayfound AI Agent","Advanced AI agent optimized for user engagement and automation, launched on 11/16/2024.","https://aiagentstore.ai/ai-agent/wayfound-ai","2024-11-16T00:00:00.000Z",""
"AI Agent Marketplace","Access a diverse range of trusted AI integrations and industry-specific agents to enhance operational efficiency and innovation.","https://store.servicenow.com/store/ai-marketplace","",""
"Moveworks Agent Studio for AI Agent Creation","User-friendly platform for building and deploying AI agents, streamlining business processes with customizable configurations.","https://www.moveworks.com/us/en/platform/ai-agent-builder","",""
"AgentGPT - Comprehensive AI Agents Directory","Explore a vast collection of AI agents with detailed listings and categorization for easy navigation.","https://aiagentslist.com/agent/agentgpt","2025-02-15T00:00:00.000Z",""
"AgentStation AI Agent Infrastructure","Scalable AI agent infrastructure optimized for performance; supports rapid deployment and integration in diverse applications.","https://www.agentstation.ai","2024-01-01T00:00:00.000Z",""
"AgentHub by GenAI Works","Integrates generative AI for enhanced user engagement; designed for seamless application integration.","https://genai.works/applications/agenthub","2024-03-11T00:00:00.000Z",""
"Site Agent AI Platform","Automates website management tasks with AI-driven optimization for enhanced performance and efficiency.","https://siteagent.ai","2024-01-01T00:00:00.000Z",""
"AgentGPT: Customizable AI Agent Creation","Create personalized AI agents for specific tasks with customizable behavior and responses, enhancing productivity and engagement.","https://deepgram.com/ai-apps/agentgpt","2025-01-15T00:00:00.000Z",""
"Personalized AI Chatbot Agent","Delivers tailored user interactions, improving engagement through customized responses.","https://oneai.com/agent","2025-01-01T00:00:00.000Z",""
"AgentRunner: Leading AI Tool for Agent Management","Optimizes agent workflows with advanced AI features, improving efficiency and productivity for teams.","https://www.success.ai/ai-tools/agentrunner","2023-04-18T00:00:00.000Z",""
"Augment: Personal AI Productivity Booster","Enhances productivity with tailored AI assistance, optimizing task management and workflow efficiency.","https://supertools.therundown.ai/content/augment","2024-03-04T00:00:00.000Z",""
"Athina AI: Advanced Language Model Solutions","Unlocks powerful language model capabilities for diverse applications, enhancing natural language processing efficiency.","https://supertools.therundown.ai/content/athina-ai","2024-03-04T00:00:00.000Z",""
"Gumloop: AI-Powered Business Automation Tool","Create business automations effortlessly with Gumloop's intuitive interface, designed for users of all skill levels.","https://supertools.therundown.ai/content/gumloop","2024-03-04T00:00:00.000Z",""
"Wordware: Accelerate AI Development 20x","Build AI applications 20x faster than traditional methods, enhancing productivity and efficiency for developers.","https://supertools.therundown.ai/content/wordware","2024-03-04T00:00:00.000Z",""
"Questflow: Cross-Platform Task Automation","Automates tasks across platforms, improving workflow efficiency and productivity.","https://supertools.therundown.ai/content/questflow","2024-03-04T00:00:00.000Z",""
"Wand AI: Enhance AI Solutions for Business Value","Streamlines AI integration to boost business value, optimizing operational efficiency across various sectors.","https://supertools.therundown.ai/content/wand-ai","2024-03-04T00:00:00.000Z",""
"AgentCrew AI Automation Solutions","Enhance business efficiency with AI-driven automation tools that streamline operations and boost customer engagement.","https://supertools.therundown.ai/content/agentcrew","2024-03-04T00:00:00.000Z",""
"Laminar AI: Enhance Your Agent's Performance","Unlocks agent capabilities with advanced AI tools, driving improved efficiency and effectiveness in operations.","https://supertools.therundown.ai/content/laminar-ai","2024-03-04T00:00:00.000Z",""
"11x Alice - AI-Driven Sales Development Representative","Automates buyer engagement 24/7; tracks all market data points to identify ideal customers and schedule meetings on autopilot.","https://www.11x.ai/worker/alice","",""
"Autotab: Boost Your Productivity with Automation","Automates repetitive tasks to enhance productivity, streamlining workflows for users seeking efficiency.","https://supertools.therundown.ai/content/autotab","2024-03-04T00:00:00.000Z",""
"Lamini: Simplified Development and Control of Large Language Models","Streamlined platform for LLM development with intuitive controls, enabling rapid deployment and management of AI models.","https://supertools.therundown.ai/content/lamini","2024-03-04T00:00:00.000Z",""
"D-ID AI Agents","Create lifelike digital avatars for real-time conversations using advanced AI technology, enhancing user engagement and personalization.","https://www.d-id.com/ai-agents","",""
"Cody: Customizable AI Assistant for Businesses","Trainable AI assistant enhances business operations with tailored functionalities, improving efficiency and user engagement.","https://supertools.therundown.ai/content/cody","2024-03-04T00:00:00.000Z",""
"Aixbt AI Agent by Virtuals","Advanced AI agent with customizable features for enhanced user interaction and productivity, launched December 2024.","https://aiagentstore.ai/ai-agent/aixbt-by-virtuals","2024-12-23T00:00:00.000Z",""
"MyShell: Effortless AI Chatbot Creation","Build advanced AI chatbots quickly with MyShell's intuitive platform, designed for seamless user experience.","https://supertools.therundown.ai/content/myshell","2024-03-04T00:00:00.000Z",""
"Custom AI Agents by Agent.so","Tailor AI agents to specific needs with user-friendly features for enhanced interaction and engagement.","https://www.agent.so/features/custom-agents","2025-02-11T00:00:00.000Z",""
"Hoory: Conversational AI for Customer Support Automation","Automates customer support with AI-driven conversations, improving response times and operational efficiency.","https://supertools.therundown.ai/content/hoory","2024-03-04T00:00:00.000Z",""
"Cimba AI Product","AI-driven platform enhances business processes with seamless integration and intuitive user experience.","https://www.cimba.ai/product","",""
"Noodl AI: No-Code Enterprise App Development","Build enterprise-grade applications effortlessly with Noodl AI's no-code platform, designed for rapid deployment and scalability.","https://supertools.therundown.ai/content/noodl","2024-03-04T00:00:00.000Z",""
"Conversational AI for Enhanced Customer Service","Boost customer engagement with AI-driven solutions that streamline service interactions and improve response times.","https://sierra.ai/product","",""
"D-ID AI Agents","Create lifelike digital avatars for real-time conversations using advanced AI technology, enhancing user engagement and personalization.","https://www.d-id.com/agents","",""
"AI Customer Support & Success Agent","Delivers real-time, precise assistance across platforms, leveraging GPT technology for enhanced user experience.","https://oneai.com/use-case/customer-support-success","",""
"auto-AGENTS™ AI Automation Solution","Customizable workflows for automating business processes, improving efficiency and integration across platforms.","https://www.commerce.ai/caiproducts/auto-agents","",""
"ActionAgent.ai: AI Solutions for Vacation Rentals","AI tools designed to optimize vacation rental management, improving guest engagement and operational efficiency.","https://actionagent.ai","","gptlab"
"Build Your AI Agent with Sierra AI","Easily create and scale effective AI agents using Sierra's Agent OS, designed for seamless integration and performance.","https://sierra.ai/product/build-your-ai-agent","",""
"AgentGPT Autonomous AI Agent Deployment","Configure and deploy custom AI agents for any goal; supports personalized naming and diverse applications.","https://agentgpt.reworkd.ai","",""
"Ema: Universal AI Employee for Enhanced Productivity","Boosts productivity with AI-driven task management and workflow optimization, tailored for diverse work environments.","https://supertools.therundown.ai/content/ema","2024-03-04T00:00:00.000Z",""
"Datadog AI Agent","Instant data processing delivers real-time insights into system performance, enhancing monitoring capabilities.","https://clickup.com/p/ai-agents/datadog","",""
"Saga AI: Creative Assistant for Content Generation","Streamlines content creation with AI-driven assistance, enhancing productivity and creativity for users.","https://supertools.therundown.ai/content/saga-ai","2024-03-04T00:00:00.000Z",""
"Evolv AI Hearing Aids","Automatically adjusts sound quality for realistic listening in any environment, including vehicles, enhancing user experience with AI-driven technology.","https://www.starkey.com/hearing-aids/evolv-artificial-intelligence-hearing-aids","",""
"Joule AI Agents by SAP","Generative AI copilot automates complex business processes with collaborative AI agents, improving efficiency and teamwork.","https://www.sap.com/products/artificial-intelligence/ai-agents.html","",""
"Chipp: Transform Prompts into Products","Streamlines product development by converting prompts into products, enhancing productivity and innovation.","https://supertools.therundown.ai/content/chipp","2024-03-04T00:00:00.000Z",""
"Plandex: AI Programming Engine for Enhanced Productivity","Boosts coding efficiency with AI-driven features, enabling faster development cycles and improved workflow.","https://supertools.therundown.ai/content/plandex","2024-03-04T00:00:00.000Z",""
"AgentRunner AI Workflow Builder","All-in-one AI development platform with visual editor, prompt chaining, versioning, and deployment tools for faster application creation.","https://agentrunner.com","",""
"Virtue AI Products: Safe, Secure & Privacy-Preserving Solutions","Focuses on privacy-preserving technology with robust security measures, ensuring user data protection in AI applications.","https://www.virtueai.com/products","",""
"Kasisto AI Agents","Automates customer service with 24/7 availability; handles over 1M inquiries monthly, reducing response times and operational costs.","https://kasisto.com/products/ai-agents","",""
"Chief AI Tools - Enterprise-Grade Generative AI","Advanced generative AI tools designed for enterprise use, enhancing productivity and innovation in large organizations.","https://chiefaioffice.gumroad.com/l/chiefaitools","2023-10-16T00:00:00.000Z",""
"AI Friend - Personalized AI Interaction","Delivers customized support and engagement through advanced AI technology, enhancing user experience.","https://nomi.ai/ai-friend","",""
"Product Listing AI Agent","Automates product listing creation by aggregating data from multiple sources, improving efficiency and accuracy in the listing process.","https://beam.ai/agents/product-listing-agent","",""
"Replika AI Companion App","Personalized AI interactions with a virtual friend that learns from 18 months of user engagement.","https://replika.ai","","Karl Henrikabout his Replika Mina18 months together"
"Abacus.AI AI Agents","Automates complex tasks to enhance operational efficiency; designed for scalability and seamless integration with existing systems.","https://abacus.ai/ai_agents","",""
"300+ GPT Resources Database","Access a curated collection of 300+ GPT tools and resources, ideal for enhancing AI projects and applications.","https://indieai.gumroad.com/l/wxjsc","2023-10-16T00:00:00.000Z",""
"Capably's Intelligent Automation Platform","No-code platform automates routine and complex tasks, enabling smarter work delegation without requiring tech skills.","https://www.capably.ai","",""
"Simbian AI: Self-Improving Security Intelligence","24/7 security monitoring with AI that continuously enhances its own capabilities, ensuring proactive threat detection and response.","https://simbian.ai/ai-agents-for-security","",""
"Replika AI Companion App","Personalized AI companion that evolves through 18 months of user interaction, enhancing emotional engagement and conversation quality.","https://replika.com","","Karl Henrikabout his Replika Mina18 months together"
"7AI Home - Agentic Security Platform with Swarming AI Agents","Automates security tasks with swarming AI agents; enriches data, manages alerts, and performs investigations to enhance operational efficiency.","https://7ai.com","",""
"Lindy AI Workflow Automation Tool","Create AI agents in minutes to automate workflows, enhance productivity, and boost sales performance.","https://www.lindy.ai","",""
"Nurix Custom AI Agents","Tailored AI agents for enhanced user engagement and operational efficiency, adaptable to diverse business needs.","https://www.nurix.ai/agent","",""
"Autonomous Customer Service Agent - Prebuilt Application","Streamlines customer interactions with a prebuilt solution, reducing operational costs and implementation time.","https://scale.com/enterprise/prebuilt-applications/autonomous-customer-service-agent","",""
"Samantha AI Personal Assistant","AI-driven personal assistant designed for efficient task management and scheduling.","https://mysamantha.ai","",""
"TheAgenticAI - AI Agent Overview","Comprehensive details on AI agent functionalities, highlighting unique capabilities and applications.","https://alltheaitools.com/agent/theagenticai","2025-01-01T00:00:00.000Z","Ravi Sojitra"
"Claude Pro Subscription Service","Gain 5x usage of Claude 2 model for $20/month in the US or £18/month in the UK.","https://www.anthropic.com/news/claude-pro","2023-09-07T00:00:00.000Z",""
"AI for Marketing Course","Learn to enhance content creation and gain deeper customer insights using AI tools; includes practical strategies for personalized marketing.","https://academy.hubspot.com/courses/AI-for-Marketers","",""
"Comprehensive AI Tools List","Curated list of AI tools published on 10/16/2023, featuring the latest options for various applications.","https://hungryminded.gumroad.com/l/AIToolsList","2023-10-16T00:00:00.000Z",""
"Masterlist of 100+ AI-Powered Tools","Comprehensive ebook featuring 100+ AI tools for various applications, published January 2024.","https://apollogallery.org/products/masterlist-of-100-ai-powered-tools","2024-01-01T00:00:00.000Z",""
"ChatPRD - Leading AI Tool for Product Managers","Accelerates product documentation creation, enhancing PM efficiency with AI-driven insights for elite performance.","https://chatprd.ai","",""
"Automaise Agent Assist AI Solution","Real-time agent augmentation tool designed to enhance customer interactions, improving efficiency and accuracy in service delivery.","https://www.automaise.com/agent-assist","","info@automaise.com"
"Narratic AI - B2B Revenue Growth Assistant","Tailored for B2B, this AI tool focuses on revenue growth strategies, enhancing sales efficiency and effectiveness.","https://www.narratic.ai","2025-01-01T00:00:00.000Z",""
"Staf.ai/AgentOps.ai Agent Catalog","Comprehensive agent management tool with the latest features, published on 10/16/2023.","https://adamsilverman.gumroad.com/l/staf","2023-10-16T00:00:00.000Z",""
"Fetch AI's DeltaV: Integrating LLMs and AI Agents","DeltaV combines Language Models and AI Agents to create a dynamic marketplace, enhancing user connectivity and interaction.","https://www.reddit.com/r/FetchAI_Community/comments/1b8mt8u/what_does_fetch_ai_actually_do_and_whats_its_use","2024-05-13T00:04:10.753Z",""
"Advanced AI Assistance for Enhanced Productivity","Leverage cutting-edge AI tools to boost productivity and streamline workflows, tailored for modern work environments.","https://www.assista.us","2024-01-01T00:00:00.000Z","Author"
"ServiceNow AI Agents","Automates incident management and request fulfillment, improving IT operations efficiency and response times.","https://www.servicenow.com/products/ai-agents.html","",""
"White-label Conversational AI Solution","Top-selling product of the year; customizable for various applications, enhancing resale opportunities.","https://www.agencys.ai","",""
"Exa: AI Internet Connectivity with Contextual Insight","Empowers AI to connect to the internet with enhanced contextual understanding for more relevant interactions.","https://supertools.therundown.ai/content/exa","2024-03-04T00:00:00.000Z",""
"AI Prompt Almanac","Comprehensive guide featuring diverse AI prompts, published on July 7, 2023.","https://unapologeticih.gumroad.com/l/aialmanac","2023-07-07T00:00:00.000Z",""
"Comprehensive List of 100+ AI Tools","Over 100 AI tools categorized for various applications, providing a broad spectrum of options for users.","https://harshmakadia.gumroad.com/l/ai-tools/launcher","2023-10-16T00:00:00.000Z",""
"Krater.ai AI SuperApp","Comprehensive AI tool suite designed to enhance productivity and streamline tasks for users.","https://www.krater.ai","2024-01-01T00:00:00.000Z",""
"Deepseek - Leading Provider of Advanced AI Language Models","State-of-the-art AI language models and enterprise solutions designed for high-performance applications.","https://deepseek.ai/deepseek","",""
"SAMBAZON Organic & Fair Trade Açaí Products","Ethically sourced, hand-harvested Açaí; Certified Organic and Fair Trade, supporting local farmers.","https://www.sambazon.com","",""
"Drift Customer Support Access Post-Migration","Access customer support and resources seamlessly through Salesloft after Drift's website migration.","https://www.drift.com","",""
"Emergence AI Product Offerings","Explore a diverse range of AI products tailored for various industries, highlighting innovative features and applications.","https://www.emergence.ai/products","",""
"Agentforce Pricing Details","Explore competitive pricing for building and managing AI-powered agents with customization and monitoring capabilities.","https://www.salesforce.com/agentforce/pricing","",""
"COSINE Genie: Effortless Software Development Automation","Automates software development processes, significantly reducing manual effort and enhancing efficiency.","https://supertools.therundown.ai/content/cosin-genie","2024-03-04T00:00:00.000Z",""
"Procol AI Solutions","Delivers AI-driven automation tools designed to optimize business workflows and improve decision-making efficiency.","https://www.procol.ai","2024-10-10T00:00:00.000Z",""
"Otio - AI Research & Writing Assistant","Loved by 200,000+ users; features document summarization and an AI text-editor for efficient writing and editing.","https://otio.ai","",""
"SuperAGI Tactical AI Platform","Real-time data processing with adaptive learning for enhanced decision-making in dynamic environments.","https://superagi.com/superagi_apps/tactical-ai","",""
"PandaOmics Box","AI-driven platform accelerates drug discovery with enhanced data analysis capabilities, optimizing research efficiency.","https://pharma.ai/pandaomics-box","2024-07-01T00:00:00.000Z",""
"BrainChat.AI: Affordable ChatGPT Alternative for Teams","$20/month for 5 users ($4/user); 20% savings compared to ChatGPT Team's $50/month for 2 users.","https://www.brainchat.ai","",""
"OneAI: Comprehensive AI Phone Agents for Outbound Calling","AI platform delivers human-sounding calls with an AI dialer; includes optimization and reporting tools to enhance KPI achievement.","https://oneai.com","",""
"SiMa.ai Edge AI Platform","Supports any edge application across diverse networks and models; compatible with multiple modalities, frameworks, sensors, and resolutions.","https://sima.ai","",""
"Longevity Escape Velocity Foundation","Aims to eliminate obstacles to treatments for preventing and reversing age-related diseases, enhancing access to innovative longevity solutions.","https://www.levf.org","",""
"AgentRunner AI Overview 2025","In-depth analysis of pricing and key features for AgentRunner AI, tailored for 2025.","https://powerusers.ai/ai-tool/agentrunner-ai","2024-07-27T00:00:00.000Z",""
"Notion Project Management Tool","Accelerate project completion with a connected workspace that minimizes context switching, enhancing productivity and efficiency.","https://www.notion.com/product/projects","",""
"Knowlee AI - Automating Business Processes with AI","Automates diverse business workflows using AI technology, enhancing operational efficiency for teams.","https://www.knowlee.ai","2024-03-26T00:00:00.000Z",""
